{
  "project_info": {
    "project_number": "70004144583",
    "project_id": "techgizmo-7a2d9",
    "storage_bucket": "techgizmo-7a2d9.appspot.com"
  },
  "client": [
    {
      "client_info": {
        "mobilesdk_app_id": "1:70004144583:android:0f8d628e987476948b01e2",
        "android_client_info": {
          "package_name": "com.example.techgizmo"
        }
      },
      "oauth_client": [],
      "api_key": [
        {
          "current_key": "AIzaSyBWmum32V8U34IBLPAaLPedGw8vj8J6gx0"
        }
      ],
      "services": {
        "appinvite_service": {
          "other_platform_oauth_client": []
        }
      }
    }
  ],
  "configuration_version": "1"
}